緯度,経度,住所,名称,サービス種別,費用,療育内容,電話番号
35.92384,139.586761,埼玉県さいたま市西区宮前町665-41 アーバンプラザ宮前町1階,ココアスキッズスポーツ西大宮,児童発達支援・放課後デイ,受給者証: 月上限4600円,,048-871-9695
35.910812,139.589386,埼玉県さいたま市西区三橋6-20-1,児童デイサービス楽しいわが家,児童発達支援・放課後デイ,受給者証: 月上限4600円,粗大運動、音楽/リトミック、学習支援、日常動作、ダンス／おやつ作り／創作活動,048-871-7441
35.920925,139.590118,埼玉県さいたま市西区三橋6-1587,放課後デイサービスみのり,放課後デイ,受給者証: 月上限4600円,音楽/リトミック,048-622-5544
35.914265,139.570038,埼玉県さいたま市西区指扇2335-6,児童デイサービスあやめ,放課後デイ,受給者証: 月上限4600円,粗大運動、微細運動、言語指導、音楽/リトミック、学習支援、日常動作、SST、ハイキング,048-620-0111
35.919365,139.568954,埼玉県さいたま市西区指扇領別所261,放課後等デイサービスピース,放課後デイ,受給者証: 月上限4600円,粗大運動、微細運動、学習支援、日常動作、プログラミング／調理活動／農作業,048-622-2681
35.919586,139.568008,埼玉県さいたま市西区指扇領別所281,ピース２号,児童発達支援・放課後デイ,受給者証: 月上限4600円,微細運動、学習支援、日常動作、プログラミング／作業訓練,048-662-9551
35.916531,139.558228,埼玉県さいたま市西区西遊馬2180-1,とっとちゃん,児童発達支援・放課後デイ,受給者証: 月上限4600円,粗大運動、微細運動、言語指導、音楽/リトミック、学習支援、日常動作、SST、ムーブメント／書道／陶芸,048-626-1909
35.890965,139.584839,埼玉県さいたま市西区中野林653-5,ゆめの園みらいず大宮　児童発達支援・放課後等デイサービス,児童発達支援・放課後デイ,受給者証: 月上限4600円,粗大運動、微細運動、音楽/リトミック、SST,048-626-1180
35.920513,139.564865,埼玉県さいたま市西区宝来2224-3 コンフォート都B1F,あすぽーと指扇,放課後デイ,受給者証: 月上限4600円,粗大運動、微細運動、言語指導、音楽/リトミック、学習支援、日常動作、SST、認知トレーニング／アナログゲーム療育／創作活動,048-782-8089
35.9505,139.609726,埼玉県さいたま市北区吉野町1-371-2,児童デイあったまぁる吉野,放課後デイ,受給者証: 月上限4600円,粗大運動、微細運動、言語指導、音楽/リトミック、日常動作、SST、ダンス／社会科学習／英語学習,048-871-6531
35.938179,139.620728,埼玉県さいたま市北区宮原町1-673-3,BUTTERFLY　EFFECT,児童発達支援・放課後デイ,受給者証: 月上限4600円,粗大運動、微細運動、SST,048-788-4200
35.940125,139.612167,埼玉県さいたま市北区宮原町2-16-19 第二川人ビル2階西,いろは児童発達支援事業所,児童発達支援,受給者証: 月上限4600円,粗大運動、微細運動、言語指導、音楽/リトミック、学習支援、日常動作、SST,048-779-8297
35.941509,139.612564,埼玉県さいたま市北区宮原町2-19-1 加瀬ビル199 4階,LITALICOジュニアさいたま宮原教室,児童発達支援,受給者証: 月上限4600円,粗大運動、微細運動、言語指導、学習支援、日常動作、SST,048-661-8277
35.941254,139.611404,埼玉県さいたま市北区宮原町2-22-14 AXIS宮原駅前ビル3階B,ハビー宮原駅東口教室,児童発達支援・放課後デイ,受給者証: 月上限4600円,粗大運動、微細運動、音楽/リトミック、学習支援、日常動作、SST、創作活動／運動プログラム,048-776-9064
35.936615,139.612869,埼玉県さいたま市北区宮原町3-151 開明ロイヤルマンション101号,児童デイぽぷら,放課後デイ,受給者証: 月上限4600円,学習支援、日常動作、SST、公園での運動／室内動作活動,048-871-8601
35.94215,139.608475,埼玉県さいたま市北区宮原町3-475-3 チコラース10C,放課後等デイサービス　なないろ,放課後デイ,受給者証: 月上限4600円,粗大運動、微細運動、音楽/リトミック、学習支援、日常動作、SST、音楽療法／創作活動／調理活動,048-782-7151
35.93911,139.609299,埼玉県さいたま市北区宮原町3-571-1 第二島村ビル2階西,コペルプラス　宮原教室,児童発達支援,受給者証: 月上限4600円,粗大運動、微細運動、言語指導、音楽/リトミック、学習支援、日常動作、SST、創作活動　※月末のみ,048-729-6916
35.947304,139.605698,埼玉県さいたま市北区宮原町4-99-5,ときめきスクールありがとう,放課後デイ,受給者証: 月上限4600円,音楽/リトミック、学習支援、日常動作、SST、外出活動,048-783-3484
35.918896,139.610046,埼玉県さいたま市北区櫛引町2-275 ウエノビル1F,放課後デイサービスあすみるくらぶ大宮,放課後デイ,受給者証: 月上限4600円,粗大運動、微細運動、言語指導、音楽/リトミック、学習支援、日常動作、SST、ダンス／調理活動／創作活動,048-783-5426
35.925079,139.626205,埼玉県さいたま市北区植竹町1-330-2,ハッピーガーデン,児童発達支援・放課後デイ,受給者証: 月上限4600円,粗大運動、微細運動、言語指導、学習支援、日常動作、SST,048-782-4437
35.924133,139.615753,埼玉県さいたま市北区大成町4-125-1 ドゥエル石川1階,あすぽーと鉄道博物館,放課後デイ,受給者証: 月上限4600円,粗大運動、微細運動、言語指導、音楽/リトミック、学習支援、日常動作、SST、認知トレーニング／アナログゲーム療育／創作活動,048-788-3953
35.935577,139.633072,埼玉県さいたま市北区土呂町1-70-12-103,BUTTERFLY　EFFECT　運動&SSTクラス,放課後デイ,受給者証: 月上限4600円,粗大運動、微細運動、日常動作、SST、運動療育／マイクラ／調理活動,048-788-4200
35.933945,139.634247,埼玉県さいたま市北区土呂町2-69-6,いっぽいっぽ土呂,放課後デイ,受給者証: 月上限4600円,粗大運動、微細運動、言語指導、音楽/リトミック、日常動作、SST、調理活動／工作／ダンス,048-782-8392
35.923576,139.622498,埼玉県さいたま市北区東大成町1-545-1 柳屋ビル1階,エブリン・ベア,児童発達支援・放課後デイ,受給者証: 月上限4600円,粗大運動、微細運動、音楽/リトミック、学習支援、日常動作、SST、サントレ,048-729-8645
35.921463,139.623245,埼玉県さいたま市北区東大成町1-591,エブリン・フラワー,児童発達支援,受給者証: 月上限4600円,粗大運動、微細運動、言語指導、音楽/リトミック、学習支援、日常動作、SST、ワーク／創作活動／リトミック,048-778-9096
35.923809,139.599503,埼玉県さいたま市北区日進町1-508-9 サンシャインシティ102号室,放課後等デイサービスみらい,放課後デイ,受給者証: 月上限4600円,粗大運動、微細運動、音楽/リトミック、学習支援、日常動作、SST、ダンス／調理活動／創作活動,048-779-8877
35.923756,139.602722,埼玉県さいたま市北区日進町1-529-2 コーポ桔梗,まほうのくに,放課後デイ,受給者証: 月上限4600円,粗大運動、微細運動、音楽/リトミック、学習支援、日常動作、SST,048-658-9023
35.923859,139.604828,埼玉県さいたま市北区日進町1-564-1,ScatKids日進,放課後デイ,受給者証: 月上限4600円,粗大運動、微細運動、言語指導、音楽/リトミック、学習支援、日常動作、SST、音楽／芸術創作／マインドフルネス,048-871-5825
35.929134,139.607559,埼玉県さいたま市北区日進町2-834-1 大畠日進ビル2階,ブロッサムジュニア　さいたま日進教室,児童発達支援・放課後デイ,受給者証: 月上限4600円,粗大運動、微細運動、音楽/リトミック、学習支援、日常動作、SST、調理j活動／外出、野外活動,048-657-8727
35.930878,139.605774,埼玉県さいたま市北区日進町2-1112 柳田ビル3階,どっぽ就労塾日進,放課後デイ,受給者証: 月上限4600円,日常動作、SST、就労訓練／社会人スキルやマナー／進路相談,048-788-2117
35.930878,139.605774,埼玉県さいたま市北区日進町2-1126-10 2階,Ｇｒｉｐキッズ大宮日進校,放課後デイ,受給者証: 月上限4600円,学習支援、日常動作、SST,048-778-9842
35.932877,139.608551,埼玉県さいたま市北区日進町2-1914-1,ハッピーキッズスペースみんと大宮日進,児童発達支援・放課後デイ,受給者証: 月上限4600円,粗大運動、微細運動、言語指導、音楽/リトミック、学習支援、日常動作、SST、運動療育／創作・調理活動／外出,048-669-6177
35.938591,139.608139,埼玉県さいたま市北区日進町3-491 リエス宮原ウエスト101号室,あすぽーと宮原,放課後デイ,受給者証: 月上限4600円,粗大運動、微細運動、言語指導、音楽/リトミック、学習支援、日常動作、SST、認知トレーニング／アナログゲーム療育／創作活動,048-783-3260
35.937946,139.628357,埼玉県さいたま市北区本郷町210,放課後等デイサービス　キラキラ本郷町,放課後デイ,受給者証: 月上限4600円,粗大運動、微細運動、音楽/リトミック、学習支援、日常動作、SST、調理活動／創作活動／外出活動,048-783-4015
35.940342,139.626099,埼玉県さいたま市北区本郷町396 2F,コペルプラスジュニア宮原・土呂教室,放課後デイ,受給者証: 月上限4600円,粗大運動、微細運動、学習支援、日常動作、SST、創作活動,048-662-9602
35.945782,139.62146,埼玉県さいたま市北区本郷町753 サンヴィレッジ本郷104号室,ゆめの園みらいず本郷　児童発達支援・放課後等デイサービス,児童発達支援・放課後デイ,受給者証: 月上限4600円,粗大運動、微細運動、日常動作、SST、外出活動／ダンス／創作活動,048-871-7610
35.898045,139.631699,埼玉県さいたま市大宮区吉敷町4-93-5 大宮教育会館1階,療育ポータルスタジオCoreMore新都心スタジオ,児童発達支援,受給者証: 月上限4600円,粗大運動、微細運動、言語指導、音楽/リトミック、学習支援、日常動作、SST、創作活動,048-729-7737
35.898037,139.632538,埼玉県さいたま市大宮区吉敷町4-178,ぶらいと,児童発達支援,受給者証: 月上限4600円,粗大運動、微細運動、言語指導、日常動作、SST、アート活動,048-643-4161
35.916264,139.62738,埼玉県さいたま市大宮区高鼻町3-1-2,いっぽいっぽ大宮氷川台,放課後デイ,受給者証: 月上限4600円,粗大運動、微細運動、言語指導、日常動作、ダンス　／創作活動／日常動作,048-782-6042
35.903706,139.623108,埼玉県さいたま市大宮区桜木町1-175 KGビル3階,コペルプラス　大宮教室,児童発達支援,受給者証: 月上限4600円,粗大運動、微細運動、言語指導、音楽/リトミック、学習支援、日常動作、SST、製作活動,048-778-8693
35.907726,139.620926,埼玉県さいたま市大宮区桜木町2-7-9 鍋島ビル1階101,ハビー大宮桜木町２丁目教室,児童発達支援・放課後デイ,受給者証: 月上限4600円,粗大運動、微細運動、言語指導、音楽/リトミック、学習支援、日常動作、SST、創作活動／レクリエーション／季節のイベント,048-788-4075
35.908134,139.620728,埼玉県さいたま市大宮区桜木町2-8-2 第2金子ビル5階,LITALICOジュニア大宮教室,児童発達支援・放課後デイ,受給者証: 月上限4600円,粗大運動、微細運動、言語指導、学習支援、日常動作、SST,048-658-2555
35.907604,139.619003,埼玉県さいたま市大宮区桜木町2-335-1 レインボー大宮ビル5階,ハビー大宮大栄橋教室,児童発達支援,受給者証: 月上限4600円,粗大運動、微細運動、言語指導、音楽/リトミック、学習支援、日常動作、SST、就学準備／感覚統合,048-871-6624
35.912041,139.618988,埼玉県さいたま市大宮区桜木町3-91,プティ倶楽部　大宮,放課後デイ,受給者証: 月上限4600円,粗大運動、微細運動、音楽/リトミック、学習支援、日常動作、SST、課外活動(畑・公園・植物館等)／調理活動(おやつ作り等)／創作活動(ダンス・壁画制作・科学活動等),048-677-3917
35.905914,139.616577,埼玉県さいたま市大宮区桜木町4-202 桜木町橋本ビル2階,ハビー大宮桜木町４丁目教室,放課後デイ,受給者証: 月上限4600円,粗大運動、微細運動、言語指導、音楽/リトミック、学習支援、日常動作、SST、創作活動／レクリエーション／季節のイベント,048-788-2402
35.895443,139.618958,埼玉県さいたま市大宮区桜木町4-528,まはろ　桜木町,放課後デイ,受給者証: 月上限4600円,粗大運動、微細運動、言語指導、音楽/リトミック、学習支援、日常動作、SST、音楽療法／ダンス／工作,048-783-4038
35.907162,139.601608,埼玉県さいたま市大宮区三橋1-1199 オフィスDUO B-室,コペルプラス　大宮三橋教室,児童発達支援,受給者証: 月上限4600円,粗大運動、微細運動、言語指導、音楽/リトミック、日常動作、SST,048-783-4649
35.900242,139.614609,埼玉県さいたま市大宮区上小町787-6,児童デイえがお大宮,児童発達支援・放課後デイ,受給者証: 月上限4600円,粗大運動、微細運動、言語指導、音楽/リトミック、学習支援、日常動作、SST、公園活動／調理活動／創作活動,048-783-4621
35.891731,139.645218,埼玉県さいたま市大宮区北袋町2-400-2 町田ビル3 2F,児童デイサービスあさひ丸新都心,児童発達支援・放課後デイ,受給者証: 月上限4600円,粗大運動、微細運動、言語指導、日常動作、ダンス　／体幹運動／集団遊び,048-788-4052
35.907883,139.668289,埼玉県さいたま市見沼区御蔵771-12,たんぽぽ療育東教室,児童発達支援・放課後デイ,受給者証: 月上限4600円,粗大運動、微細運動、音楽/リトミック、学習支援、日常動作、SST、畑体験,048-872-7808
35.908108,139.664444,埼玉県さいたま市見沼区御蔵1522-19,スマイルスタディ,児童発達支援・放課後デイ,受給者証: 月上限4600円,粗大運動、微細運動、言語指導、音楽/リトミック、学習支援、日常動作、SST、課外活動／調理活動／創作活動,048-716-0563
35.908108,139.664444,埼玉県さいたま市見沼区御蔵1522-20,スマイルリズム,児童発達支援・放課後デイ,受給者証: 月上限4600円,粗大運動、微細運動、言語指導、音楽/リトミック、学習支援、日常動作、SST、課外活動／調理活動／創作活動,048-716-5832
35.908108,139.664444,埼玉県さいたま市見沼区御蔵1522-21,スマイルライフ,児童発達支援・放課後デイ,受給者証: 月上限4600円,粗大運動、微細運動、言語指導、学習支援、日常動作、SST、調理活動／創作活動／課外活動,048-716-3859
35.904076,139.677765,埼玉県さいたま市見沼区山118-5,児童デイ　あったまぁる山,放課後デイ,受給者証: 月上限4600円,音楽/リトミック、学習支援、日常動作、SST、ダンス・ストレッチ／工作・作業／調理活動,048-872-6511
35.957424,139.662003,埼玉県さいたま市見沼区春野2-3-5,さいたま市はるの園,児童発達支援,受給者証: 月上限4600円,粗大運動、微細運動、言語指導、音楽/リトミック、日常動作、SST、感触遊び,048-682-5531
35.954487,139.66481,埼玉県さいたま市見沼区深作3-33-15,放課後等デイサービス　こすもす,放課後デイ,受給者証: 月上限4600円,粗大運動、微細運動、音楽/リトミック、学習支援、日常動作、SST、タブレット学習／習字・硬筆／音楽活動,048-884-8285
35.908001,139.686203,埼玉県さいたま市見沼区染谷3-420-2,たんぽぽ療育教室,児童発達支援・放課後デイ,受給者証: 月上限4600円,粗大運動、微細運動、音楽/リトミック、学習支援、日常動作、SST、畑体験,080-5512-7560
35.929253,139.673187,埼玉県さいたま市見沼区大字新堤58-12,コペルプラス　さいたま見沼教室,児童発達支援,受給者証: 月上限4600円,粗大運動、微細運動、言語指導、音楽/リトミック、学習支援、日常動作、SST、フラッシュカード／創作的活動／小集団プログラム,048-796-5992
35.934635,139.665665,埼玉県さいたま市見沼区大字風渡野430-27 ドリームコート101号室,デイジー,児童発達支援・放課後デイ,受給者証: 月上限4600円,粗大運動、微細運動、言語指導、学習支援、日常動作、SST、創作活動／外出活動,048-795-4870
35.922752,139.655167,埼玉県さいたま市見沼区大和田町1-1481-1 ケーアイ大和田ビル南棟3階,サンFC大宮,放課後デイ,受給者証: 月上限4600円,粗大運動、言語指導、サッカー,048-778-9661
35.903557,139.659027,埼玉県さいたま市見沼区中川241-5,放課後等デイサービス　シャイニー,放課後デイ,受給者証: 月上限4600円,粗大運動、微細運動、音楽/リトミック、日常動作,048-681-7600
35.940155,139.644684,埼玉県さいたま市見沼区東大宮1-85-3,グローバルキッズメソッド７９,児童発達支援,受給者証: 月上限4600円,粗大運動、微細運動、言語指導、音楽/リトミック、日常動作、SST、ダンス／郊外活動／創作活動,048-795-4451
35.949348,139.63916,埼玉県さいたま市見沼区東大宮4-17-8 ルーブルビル1階,コペルプラス　東大宮教室,児童発達支援,受給者証: 月上限4600円,粗大運動、微細運動、言語指導、音楽/リトミック、学習支援、日常動作、SST,048-780-2804
35.950745,139.638779,埼玉県さいたま市見沼区東大宮4-23-1,放課後等デイサービス　ウィズ東大宮,放課後デイ,受給者証: 月上限4600円,学習支援、日常動作、SST、創作活動,048-788-1993
35.950771,139.641129,埼玉県さいたま市見沼区東大宮5-10-10 セゾンハウス1階,ハッピーキッズスペースみんと東大宮,児童発達支援・放課後デイ,受給者証: 月上限4600円,粗大運動、微細運動、言語指導、音楽/リトミック、学習支援、日常動作、SST、運動療育／創作・調理活動／外出,048-680-1555
35.944885,139.642685,埼玉県さいたま市見沼区東大宮5-15-1 1F,スタディラボ　Ｍｙ　room,放課後デイ,受給者証: 月上限4600円,微細運動、言語指導、学習支援、日常動作、SST、創作活動／調理活動／屋外活動,048-676-5560
35.946247,139.643555,埼玉県さいたま市見沼区東大宮5-22-21,児童デイ　きらっと,放課後デイ,受給者証: 月上限4600円,粗大運動、微細運動、言語指導、音楽/リトミック、学習支援、日常動作、SST、創作活動／調理活動／ダンス,048-681-0360
35.948608,139.645172,埼玉県さいたま市見沼区東大宮5-34-2 山田ビル203,あすぽーと東大宮,放課後デイ,受給者証: 月上限4600円,粗大運動、微細運動、言語指導、音楽/リトミック、学習支援、日常動作、SST、認知トレーニング／アナログゲーム療育／創作活動,048-797-6066
35.935188,139.662735,埼玉県さいたま市見沼区風渡野400-1,おひさま　見沼事業所,児童発達支援・放課後デイ,受給者証: 月上限4600円,粗大運動、微細運動、言語指導、音楽/リトミック、学習支援、日常動作、SST、創作活動／作業指導,048-682-6810
35.882801,139.63147,埼玉県さいたま市中央区下落合6-2-5 WADA11 1階,アイダージュニア　さいたま中央教室,児童発達支援・放課後デイ,受給者証: 月上限4600円,粗大運動、微細運動、言語指導、音楽/リトミック、学習支援、日常動作、SST、製作活動／体幹トレーニング,048-711-5910
35.882206,139.636795,埼玉県さいたま市中央区下落合1089-1,放課後デイGrannyさいたま中央,放課後デイ,受給者証: 月上限4600円,音楽/リトミック,048-767-8423
35.88308,139.639877,埼玉県さいたま市中央区下落合1655-18 メゾン下落合,放課後等デイサービス　ウィズ・ユー与野,児童発達支援・放課後デイ,受給者証: 月上限4600円,粗大運動、微細運動、言語指導、音楽/リトミック、学習支援、日常動作、SST、外出活動／調理活動,048-708-2541
35.884186,139.636139,埼玉県さいたま市中央区下落合1711-111,ててスクール　与野教室,放課後デイ,受給者証: 月上限4600円,学習支援、日常動作、創作活動／絵画制作,048-767-8927
35.871967,139.620224,埼玉県さいたま市中央区上峰3-3-12 小川ビルV2階,プティ倶楽部　南与野,放課後デイ,受給者証: 月上限4600円,粗大運動、微細運動、学習支援、日常動作、SST、課外活動（公園、動物園、科学館等）／調理活動（おやつ作り等）／プログラミング教育活動(PC/タブレット),048-637-8686
35.871967,139.620224,埼玉県さいたま市中央区上峰3-3-12 小川ビルV1階,アフタースクール　フォーワンズ・エスキッズ,児童発達支援・放課後デイ,受給者証: 月上限4600円,粗大運動、微細運動、日常動作、SST、ダンス／創作活動,048-711-1601
35.88982,139.627426,埼玉県さいたま市中央区上落合2-10-6,カルテット　ジュニア,児童発達支援・放課後デイ,受給者証: 月上限4600円,微細運動、学習支援、日常動作、SST、創作活動,048-706-8726
35.875141,139.634735,埼玉県さいたま市中央区新中里3-7-26,バンブーワァオ　与野校,児童発達支援・放課後デイ,受給者証: 月上限4600円,粗大運動、微細運動、言語指導、音楽/リトミック、学習支援、日常動作、SST、知育・運動・社会性,048-767-7311
35.86573,139.633621,埼玉県さいたま市中央区大戸2-7-17,さいたま市　杉の子園,児童発達支援,受給者証: 月上限4600円,粗大運動、微細運動、言語指導、音楽/リトミック、日常動作、SST,048-855-2356
35.877819,139.610748,埼玉県さいたま市中央区八王子4-1-21,風の子クラブ,放課後デイ,受給者証: 月上限4600円,粗大運動、微細運動、言語指導、音楽/リトミック、学習支援、日常動作、SST,048-858-0121
35.881027,139.610046,埼玉県さいたま市中央区八王子4-7-15,児童デイサービスtokotoko,児童発達支援・放課後デイ,受給者証: 月上限4600円,粗大運動、微細運動、言語指導、音楽/リトミック、学習支援、日常動作、SST、掃除／作業／音楽,048-856-0548
35.878338,139.607147,埼玉県さいたま市中央区八王子5-2-14,児童デイ　太陽の子,児童発達支援・放課後デイ,受給者証: 月上限4600円,粗大運動、微細運動、日常動作、ダンス／創作活動,048-711-1850
35.88625,139.62323,埼玉県さいたま市中央区本町東4-17-6,放課後等デイサービス　ハッピー,放課後デイ,受給者証: 月上限4600円,粗大運動、微細運動、言語指導、学習支援、日常動作、SST、同法人の運営する生活介護での作業を職業体験／日常生活訓練の調理／毎日公園運動,048-853-2655
35.88625,139.62323,埼玉県さいたま市中央区本町東4-17-6,放課後等デイサービス　ハッピーひまわり,放課後デイ,受給者証: 月上限4600円,粗大運動、微細運動、言語指導、学習支援、日常動作、SST、同法人の運営する生活介護での作業を職業体験／日常生活訓練の調理／毎日公園運動,048-853-2655
35.869968,139.629532,埼玉県さいたま市中央区鈴谷2-621-6,アイビーキッズ南与野,児童発達支援,受給者証: 月上限4600円,粗大運動、微細運動、言語指導、日常動作、SST,048-767-6188
35.870399,139.625702,埼玉県さいたま市中央区鈴谷3-12-15,放課後等デイサービス　さくらぱれっと,児童発達支援・放課後デイ,受給者証: 月上限4600円,粗大運動、微細運動、言語指導、音楽/リトミック、学習支援、日常動作、SST、屋外体験活動／創作活動,048-859-5200
35.870541,139.625732,埼玉県さいたま市中央区鈴谷4-5-21,さくらぱれっとアディション,放課後デイ,受給者証: 月上限4600円,粗大運動、微細運動、言語指導、音楽/リトミック、学習支援、日常動作、SST、屋外体験活動／創作活動／調理活動,048-858-0300
35.8736,139.623291,埼玉県さいたま市中央区鈴谷7-6-1 コープ野村クローバーシティ与野壱号館1階,放課後等デイサービスまはろ　さいたま与野,放課後デイ,受給者証: 月上限4600円,粗大運動、微細運動、音楽/リトミック、学習支援、日常動作、SST、ダンス／工作活動,048-714-0356
35.867897,139.61586,埼玉県さいたま市桜区栄和3-26-22,児童デイえがお与野,児童発達支援・放課後デイ,受給者証: 月上限4600円,粗大運動、微細運動、言語指導、音楽/リトミック、学習支援、日常動作、SST、公園活動　　　　　　　　　　　　　　　　　　／調理活動　　　　　　　　　　　　　　　　　　　／創作活動,048-789-7003
35.851715,139.621353,埼玉県さいたま市桜区桜田2-9-2 信田店舗事務所1F,児童デイサービスあさひ丸さくら,児童発達支援・放課後デイ,受給者証: 月上限4600円,粗大運動、微細運動、音楽/リトミック、日常動作、リズム体操／調理活動／外出,048-711-2834
35.866764,139.611298,埼玉県さいたま市桜区上大久保206-1 中村ビル2F,プティ倶楽部　２号館,放課後デイ,受給者証: 月上限4600円,粗大運動、微細運動、学習支援、日常動作、SST、調理活動(おやつレクレーション)／課外活動(公園遊び、博物館、畑など)／プログラミング教育活動(PC/タブレット),048-711-3244
35.870735,139.61319,埼玉県さいたま市桜区上大久保502-1,グローバルキッズメソッド６６,児童発達支援,受給者証: 月上限4600円,粗大運動、微細運動、言語指導、音楽/リトミック、日常動作、SST、ダンス／郊外活動／創作活動,048-816-4526
35.848705,139.619736,埼玉県さいたま市桜区新開2-6-23 鴨川ハイツ101,しびらきっず,放課後デイ,受給者証: 月上限4600円,粗大運動、微細運動、言語指導、日常動作、SST、調理活動／外出支援／宿泊支援,048-711-7899
35.857758,139.632645,埼玉県さいたま市桜区西堀8-27-9 ニュー氷川ハイツ1階,ハッピーテラス浦和教室,放課後デイ,受給者証: 月上限4600円,SST,048-840-6587
35.861523,139.63295,埼玉県さいたま市桜区西堀9-9-9,児童デイサービスあさひ丸みらい,児童発達支援・放課後デイ,受給者証: 月上限4600円,微細運動、音楽/リトミック、日常動作、ダンス／創作活動,048-711-9981
35.871983,139.591599,埼玉県さいたま市桜区大字塚本171,児童デイ　太陽の歌,児童発達支援・放課後デイ,受給者証: 月上限4600円,粗大運動、微細運動、日常動作、ダンス／創作活動,048-764-9902
35.855019,139.619507,埼玉県さいたま市桜区町谷4-11-25,児童デイサービス　そらまめ,放課後デイ,受給者証: 月上限4600円,ダンス／調理教室／習字教室,048-872-1333
35.843033,139.631317,埼玉県さいたま市桜区田島2-16-2,さいたま市療育センター さくら草,児童発達支援,受給者証: 月上限4600円,粗大運動、微細運動、音楽/リトミック、日常動作、SST、創作活動,048-710-5811
35.843994,139.628677,埼玉県さいたま市桜区田島5-24-15 タカラ第二ビル1階,コペルプラス　西浦和教室,児童発達支援,受給者証: 月上限4600円,粗大運動、言語指導、日常動作、SST、創作活動／音楽活動／ゲーム,048-872-9580
35.850082,139.658737,埼玉県さいたま市浦和区岸町2-5-13,児童デイえがお,児童発達支援・放課後デイ,受給者証: 月上限4600円,粗大運動、微細運動、言語指導、音楽/リトミック、学習支援、日常動作、SST、公園活動／調理活動／創作活動,048-789-7177
35.872505,139.660889,埼玉県さいたま市浦和区駒場1-27-13 松井ビル101,放課後等デイサービス　ひろば,放課後デイ,受給者証: 月上限4600円,粗大運動、微細運動、音楽/リトミック、学習支援、日常動作、ダンス／創作活動,048-677-7192
35.856609,139.651138,埼玉県さいたま市浦和区高砂3-10-4 八千代ビル3階,体幹・脳幹・ＳＳＴソーシャルブレインズ　浦和西口教室,放課後デイ,受給者証: 月上限4600円,粗大運動、微細運動、言語指導、学習支援、日常動作、SST、チームビルディング／科学実験／工作,048-767-3142
35.883705,139.638687,埼玉県さいたま市浦和区上木崎1-9-19 エムズアインス4階,てらぴぁぽけっと与野駅前教室,児童発達支援,受給者証: 月上限4600円,粗大運動、音楽/リトミック、日常動作、SST,048-711-5505
35.885162,139.638,埼玉県さいたま市浦和区上木崎1-10-17 三村K2ビル2階,コペルプラス　与野教室,児童発達支援,受給者証: 月上限4600円,粗大運動、微細運動、言語指導、音楽/リトミック、学習支援、日常動作、SST、製作活動,048-767-7207
35.886356,139.645508,埼玉県さいたま市浦和区上木崎4-9-11 横田ビル2階,放課後Ｄａｙ　体幹・脳幹を鍛える人財育成塾　ソーシャルブレインズ,放課後デイ,受給者証: 月上限4600円,粗大運動、微細運動、言語指導、学習支援、日常動作、SST、チームビルディング／科学実験／工作,048-711-3019
35.889122,139.645691,埼玉県さいたま市浦和区上木崎5-13-1,放課後等デイサービス　ステップ・モモ,放課後デイ,受給者証: 月上限4600円,学習支援、日常動作、SST、創作活動／戸外活動（公園遊び）,048-831-0744
35.870419,139.645767,埼玉県さいたま市浦和区常盤9-19-6,ＹＭＣＡクローバークラブ,放課後デイ,受給者証: 月上限4600円,SST、野外活動／調理活動／創作活動,048-834-0236
35.84811,139.657654,埼玉県さいたま市浦和区神明2-14-5,ビーポップ,放課後デイ,受給者証: 月上限4600円,粗大運動、微細運動、音楽/リトミック、SST,048-824-8141
35.883263,139.667496,埼玉県さいたま市浦和区大東3-23-6,みんなのアトリエ,児童発達支援・放課後デイ,受給者証: 月上限4600円,粗大運動、微細運動、音楽/リトミック、学習支援、日常動作、SST、創作と制作の活動／栽培の活動／食育の活動,048-829-7123
35.879555,139.667679,埼玉県さいたま市浦和区大東3-40-11,児童デイサービスやまざくら,児童発達支援・放課後デイ,受給者証: 月上限4600円,粗大運動、微細運動、音楽/リトミック、学習支援、日常動作、SST,048-764-8220
35.856331,139.660538,埼玉県さいたま市浦和区東高砂町6-14 東高砂ビル1階,ハビー浦和駅東口教室,児童発達支援・放課後デイ,受給者証: 月上限4600円,粗大運動、微細運動、言語指導、日常動作、SST、認知機能訓練活動／課外活動,048-762-7680
35.859894,139.658585,埼玉県さいたま市浦和区東仲町25-5-1 バティマE6階・7階,コペルプラス　浦和教室,児童発達支援・放課後デイ,受給者証: 月上限4600円,粗大運動、微細運動、言語指導、音楽/リトミック、学習支援、日常動作、SST,048-762-7865
35.871334,139.644791,埼玉県さいたま市浦和区北浦和4-3-18 北浦和4-ビル4階,TEENS北浦和,放課後デイ,受給者証: 月上限4600円,微細運動、学習支援、SST,050-2018-3220
35.885254,139.661194,埼玉県さいたま市浦和区木崎1-9-28,あおば,放課後デイ,受給者証: 月上限4600円,粗大運動、微細運動、学習支援、日常動作、調理活動／創作活動,048-627-4040
35.874584,139.658554,埼玉県さいたま市浦和区領家1-5-16,さいたま市さくら草学園,児童発達支援,受給者証: 月上限4600円,粗大運動、微細運動、言語指導、音楽/リトミック、日常動作、スイミング,048-886-5214
35.87442,139.659256,埼玉県さいたま市浦和区領家3-4-8,はばたき＆らんどおん,児童発達支援・放課後デイ,受給者証: 月上限4600円,粗大運動、微細運動、言語指導、音楽/リトミック、学習支援、日常動作、SST、食育／外出体験活動／戸外活動（散歩など）,048-767-6210 / 048-711-6660
35.850216,139.693924,埼玉県さいたま市南区円正寺502-8,グローバルキッズメソッド７１,児童発達支援,受給者証: 月上限4600円,粗大運動、微細運動、言語指導、音楽/リトミック、日常動作、SST、ダンス／郊外活動／創作活動,048-767-5283
35.837685,139.641342,埼玉県さいたま市南区曲本4-5-16,児童デイサービスあさひ丸リズム,児童発達支援・放課後デイ,受給者証: 月上限4600円,粗大運動、微細運動、日常動作、パネルシアター,048-767-4888
35.843803,139.659683,埼玉県さいたま市南区根岸4-15-4,さくらアフタースクール南浦和,放課後デイ,受給者証: 月上限4600円,粗大運動、微細運動、音楽/リトミック、学習支援、日常動作、SST、ダンス／調理活動／創作活動,048-799-2440
35.843304,139.654602,埼玉県さいたま市南区根岸5-15-8 YKビル3階,体幹・脳幹・ＳＳＴソーシャルブレインズ武蔵浦和教室,放課後デイ,受給者証: 月上限4600円,粗大運動、微細運動、言語指導、学習支援、日常動作、SST、チームビルディング／科学実験／工作,048-789-7617
35.840717,139.634186,埼玉県さいたま市南区四谷1-5-1 貴秋館202,ててスクール　武蔵浦和教室,放課後デイ,受給者証: 月上限4600円,学習支援、日常動作、創作活動／絵画制作,048-845-7055
35.842094,139.639481,埼玉県さいたま市南区四谷2-5-11 一英ビル1階,放課後等デイサービス　ウィズ・ユー武蔵浦和,児童発達支援・放課後デイ,受給者証: 月上限4600円,粗大運動、微細運動、言語指導、音楽/リトミック、学習支援、日常動作、SST、ダンス／調理活動／創作活動,048-708-5541
35.845779,139.637238,埼玉県さいたま市南区鹿手袋6-7-19 1F,児童デイサービスあさひ丸,児童発達支援・放課後デイ,受給者証: 月上限4600円,音楽/リトミック、日常動作、調理活動／園芸,048-799-2113
35.852837,139.682404,埼玉県さいたま市南区太田窪1987 クリーンハイツ南浦和1階,児童発達支援・放課後等デイサービス　ぼれろ,児童発達支援・放課後デイ,受給者証: 月上限4600円,粗大運動、微細運動、言語指導、音楽/リトミック、学習支援、日常動作、SST、創作活動／調理プログラム／タッチパネルを使用したソーシャルスキルトレーニング（運動活動）,048-711-5067
35.84864,139.692413,埼玉県さいたま市南区大字太田窪3501-2,キッズさくら草,放課後デイ,受給者証: 月上限4600円,創作活動／動作法,048-813-7426
35.858883,139.695953,埼玉県さいたま市南区大谷口5408,アフタースクール　わんぱく,放課後デイ,受給者証: 月上限4600円,粗大運動、微細運動、言語指導、音楽/リトミック、日常動作、SST、創作活動／作業活動／音楽,048-873-2828
35.855484,139.694702,埼玉県さいたま市南区大谷口5651,わんぱくキッズ,児童発達支援・放課後デイ,受給者証: 月上限4600円,粗大運動、微細運動、言語指導、音楽/リトミック、学習支援、日常動作、SST、戸外活動／ダンス／創作活動,048-762-8377
35.855602,139.671844,埼玉県さいたま市南区大谷場2-4-5 オークパレス103号室,児童デイサービスあさひ丸パーク,児童発達支援・放課後デイ,受給者証: 月上限4600円,粗大運動、微細運動、日常動作、SST、サーキット運動／製作活動／課外活動（お買い物・遠足など）,048-711-7705
35.839188,139.660553,埼玉県さいたま市南区辻2-1-14,児童デイサービスあさひ丸ひろば第二,児童発達支援・放課後デイ,受給者証: 月上限4600円,粗大運動、微細運動、音楽/リトミック、日常動作、ダンス　　　　　　　　　　　　　　　　　　　　　　　　　創作活動,048-762-6725
35.839001,139.660828,埼玉県さいたま市南区辻2-1-16,児童デイサービスあさひ丸ひろば,児童発達支援・放課後デイ,受給者証: 月上限4600円,粗大運動、微細運動、音楽/リトミック、日常動作、ダンス／創作活動,048-711-6461
35.836163,139.650482,埼玉県さいたま市南区内谷6-7-10-4,児童デイサービスはる,児童発達支援・放課後デイ,受給者証: 月上限4600円,粗大運動、微細運動、言語指導、音楽/リトミック、学習支援、日常動作、SST,048-711-2300
35.845493,139.674301,埼玉県さいたま市南区南浦和3-43-15,児童デイサービスまはろ南浦和,放課後デイ,受給者証: 月上限4600円,粗大運動、微細運動、音楽/リトミック、日常動作、SST、調理活動／創作活動／外出など,048-813-0001
35.845936,139.669327,埼玉県さいたま市南区南本町1-5-9,放課後等デイサービスFlos,放課後デイ,受給者証: 月上限4600円,粗大運動、微細運動、学習支援、日常動作、SST、不登校支援／保護者に心理的サポート／鍼灸体験会,048-844-1111
35.845413,139.669052,埼玉県さいたま市南区南本町1-10-2 南本町ビル2階,てらぴぁぽけっと南浦和教室,児童発達支援,受給者証: 月上限4600円,粗大運動、微細運動、言語指導、日常動作、SST、創作活動,048-767-8092
35.848473,139.649155,埼玉県さいたま市南区別所2-6-17,リッツジュニア,児童発達支援・放課後デイ,受給者証: 月上限4600円,粗大運動、微細運動、言語指導、音楽/リトミック、学習支援、日常動作、SST、ゲーム／ダンス／季節のイベント,048-606-3983
35.848053,139.647049,埼玉県さいたま市南区別所6-4-25 NKGビル1階,I Tryジュニア武蔵浦和,児童発達支援・放課後デイ,受給者証: 月上限4600円,学習支援、日常動作、SST、ゲーム療法／調理活動／遠足・社会科見学,048-789-6490
35.888115,139.693604,埼玉県さいたま市緑区宮本2-19-27,児童デイサービスはなみずき,児童発達支援・放課後デイ,受給者証: 月上限4600円,粗大運動、微細運動、音楽/リトミック、日常動作、SST、体幹ストレッチ／調理活動／創作活動,048-712-6350
35.87162,139.672592,埼玉県さいたま市緑区原山3-8-6,放課後等デイサービス　ウィズ・ユーさいたま原山,児童発達支援・放課後デイ,受給者証: 月上限4600円,粗大運動、微細運動、言語指導、音楽/リトミック、学習支援、日常動作、SST、音楽活動／調理活動／アートセラピー,048-762-9373
35.893532,139.666077,埼玉県さいたま市緑区三室422-6 1階,アフタースクール　フォーワンズ・アイキッズ,児童発達支援・放課後デイ,受給者証: 月上限4600円,微細運動、音楽/リトミック、SST、ダンス／ヨガ／天神(Webラーニング),048-749-1205
35.889317,139.671158,埼玉県さいたま市緑区三室867-4,こども未来支援みらいのボクら　にじ,児童発達支援,受給者証: 月上限4600円,粗大運動、微細運動、言語指導、学習支援、日常動作、SST、社会体験活動,048-673-4933
35.881149,139.676285,埼玉県さいたま市緑区三室1342-2 齋藤マンション101,こども未来支援　みらいのボクら,児童発達支援・放課後デイ,受給者証: 月上限4600円,粗大運動、微細運動、言語指導、学習支援、日常動作、SST、社会体験活動,048-673-4933
35.889191,139.676514,埼玉県さいたま市緑区三室2400-8,まなびじょん,放課後デイ,受給者証: 月上限4600円,粗大運動、ビジョントレーニング／発達統合トレーニング,090-8372-0296
35.883263,139.68898,埼玉県さいたま市緑区松木3-26-29 ホームエージェントビル3F,mana東うらわ,放課後デイ,受給者証: 月上限4600円,粗大運動、微細運動、言語指導、学習支援、日常動作、SST、キッズピラティス／セカンドステップ／創作活動,048-816-4529
35.861904,139.666382,埼玉県さいたま市緑区太田窪1-1-3,ててスクール　浦和教室,放課後デイ,受給者証: 月上限4600円,学習支援、日常動作、創作活動／絵画制作,048-711-8747
35.874714,139.697159,埼玉県さいたま市緑区大間木435-1,児童デイあったまぁる緑,放課後デイ,受給者証: 月上限4600円,音楽/リトミック、日常動作、SST、シナプソロジー,048-876-0841
35.882812,139.715622,埼玉県さいたま市緑区大崎37-1,さいたま市大崎むつみの里第２事業所,児童発達支援,受給者証: 月上限4600円,粗大運動、微細運動、言語指導、音楽/リトミック、日常動作,048-878-2045
35.890816,139.669937,埼玉県さいたま市緑区大字三室704,放課後デイサービス　ナナフシ,放課後デイ,受給者証: 月上限4600円,粗大運動、微細運動、言語指導、音楽/リトミック、学習支援、日常動作、SST、課外活動／地域との交流,048-708-4325
35.864834,139.711105,埼玉県さいたま市緑区大字大間木231,児童デイ　みかんの家,児童発達支援・放課後デイ,受給者証: 月上限4600円,粗大運動、微細運動、学習支援、日常動作、調理／創作,048-876-3466
35.87326,139.677811,埼玉県さいたま市緑区中尾291-2,おひさま,児童発達支援・放課後デイ,受給者証: 月上限4600円,粗大運動、微細運動、言語指導、音楽/リトミック、学習支援、日常動作、SST、創作活動／作業指導,048-789-7497
35.87326,139.677811,埼玉県さいたま市緑区中尾291-2,Ｃｏｎｎｅｃｔ,放課後デイ,受給者証: 月上限4600円,粗大運動、微細運動、言語指導、音楽/リトミック、学習支援、日常動作、SST、創作活動／作業指導,048-753-9437
35.865017,139.700317,埼玉県さいたま市緑区東浦和3-1-32-104,児童デイあったまぁる東,児童発達支援・放課後デイ,受給者証: 月上限4600円,粗大運動、微細運動、学習支援、日常動作、e-sports／創作活動／教科学習,048-829-9245
35.865917,139.703644,埼玉県さいたま市緑区東浦和4-1-8,療育発達支援スタジオCoreMore　Class東浦和,児童発達支援,受給者証: 月上限4600円,粗大運動、微細運動、言語指導、音楽/リトミック、日常動作、SST、創作活動,048-762-6127
35.865253,139.703049,埼玉県さいたま市緑区東浦和4-2-2 クレセントビル301号,jubico palette,放課後デイ,受給者証: 月上限4600円,微細運動、日常動作、SST、美術／手芸・工芸／PC・タブレット,048-711-6023
35.870365,139.700226,埼玉県さいたま市緑区東浦和4-33-14,ハッピーテラス東浦和教室,放課後デイ,受給者証: 月上限4600円,粗大運動、微細運動、学習支援、日常動作、SST、調理活動／創作活動,048-762-3333
35.893276,139.714737,埼玉県さいたま市緑区南部領辻3713-2,児童デイあったまぁる美園,放課後デイ,受給者証: 月上限4600円,日常動作,048-812-2777
35.899246,139.729385,埼玉県さいたま市緑区美園3-3-6,子ども発達支援センターつむぎ浦和美園,児童発達支援・放課後デイ,受給者証: 月上限4600円,粗大運動、微細運動、言語指導、音楽/リトミック、学習支援、日常動作、SST,048-767-4602
35.968105,139.700974,埼玉県さいたま市岩槻区上野1-6-11,放課後等デイサービス　ウィズ・ユー岩槻上野,児童発達支援・放課後デイ,受給者証: 月上限4600円,粗大運動、微細運動、言語指導、音楽/リトミック、学習支援、日常動作、SST、運動療法（ダンス、リズム体操）／調理活動／創作活動,048-795-4450
35.947556,139.711807,埼玉県さいたま市岩槻区城町2-9-39,にじいろクラスフラットいわつき,放課後デイ,受給者証: 月上限4600円,粗大運動、微細運動、学習支援、日常動作、SST、ボール活動／スポーツ活動(バレー、サッカー・野球等)／ランニング活動(散歩、マラソン、おにごっこ等),090-4602-5050
35.941494,139.700928,埼玉県さいたま市岩槻区城南1-2-69,ともだちの家スピカ,児童発達支援・放課後デイ,受給者証: 月上限4600円,粗大運動、微細運動、日常動作、アート／創作活動,048-731-8255
35.940285,139.717651,埼玉県さいたま市岩槻区城南5-8-8-1,ちあふる,児童発達支援・放課後デイ,受給者証: 月上限4600円,微細運動、言語指導、音楽/リトミック、学習支援、日常動作、SST、ダンス／創作活動,048-795-6054
35.966427,139.710342,埼玉県さいたま市岩槻区諏訪1-2-14 大双東岩槻ビル1F,総合発達支援デイサービスきぼう,児童発達支援・放課後デイ,受給者証: 月上限4600円,粗大運動、微細運動、日常動作、SST、創作活動／調理活動,048-884-8676
35.937218,139.72084,埼玉県さいたま市岩槻区大字飯塚1198-2,多機能型事業所わかくさ,放課後デイ,受給者証: 月上限4600円,粗大運動、微細運動、言語指導、音楽/リトミック、日常動作、SST、パソコン操作／創作活動／調理活動,048-798-4534
35.937374,139.684036,埼玉県さいたま市岩槻区谷下1-1,障害福祉サービス事業所カーサ岩槻,放課後デイ,受給者証: 月上限4600円,粗大運動、微細運動、音楽/リトミック、日常動作、遠足,048-749-2777
35.948078,139.701981,埼玉県さいたま市岩槻区仲町1-12-16,工房ポルトス,児童発達支援・放課後デイ,受給者証: 月上限4600円,粗大運動、微細運動、言語指導、音楽/リトミック、学習支援、日常動作、作業活動,048-749-5178
35.965439,139.708054,埼玉県さいたま市岩槻区東岩槻2-5-8 塩澤ビル1F,放課後等デイサービスきぼう東岩槻,放課後デイ,受給者証: 月上限4600円,粗大運動、微細運動、日常動作、SST、調理活動／社会体験／創作活動,048-797-6664
35.955315,139.703598,埼玉県さいたま市岩槻区本丸1-19-14,manaいわつき,児童発達支援・放課後デイ,受給者証: 月上限4600円,粗大運動、微細運動、言語指導、音楽/リトミック、学習支援、日常動作、SST、キッズピラティス／セカンドステップ／創作活動,048-795-4117
35.946213,139.693787,埼玉県さいたま市岩槻区本町1-17-11,BOOK,児童発達支援・放課後デイ,受給者証: 月上限4600円,粗大運動、微細運動、学習支援、ダンス,048-812-5892
35.946049,139.693756,埼玉県さいたま市岩槻区本町2-2-38,はぐみー,児童発達支援・放課後デイ,受給者証: 月上限4600円,創作活動（工作）,048-797-8923
35.946766,139.698746,埼玉県さいたま市岩槻区本町4-10-8 佐藤ビル202号室・203号室,こぱんはうすさくら岩槻教室,児童発達支援・放課後デイ,受給者証: 月上限4600円,粗大運動、微細運動、言語指導、音楽/リトミック、学習支援、日常動作、SST、創作活動／ダンス／外出,048-749-6077
